,precision,recall,f1-score,support
NotVegetation,0.28837209302325584,0.9841269841269841,0.4460431654676259,63.0
Vegetation,0.9882352941176471,0.35443037974683544,0.5217391304347826,237.0
accuracy,0.4866666666666667,0.4866666666666667,0.4866666666666667,0.4866666666666667
macro avg,0.6383036935704515,0.6692786819369098,0.48389114795120425,300.0
weighted avg,0.8412640218878249,0.4866666666666667,0.5058429777916796,300.0
