,NotVegetation,Vegetation
NotVegetation,0.9841269841269841,0.015873015873015872
Vegetation,0.6455696202531646,0.35443037974683544
