,NotVegetation,Vegetation
NotVegetation,0.9769342335583896,0.023065766441610402
Vegetation,0.014613653413353338,0.9853863465866467
